Date,Temp_N,Temp_O,LUX_N,LUX_O
4/19/15 15:30,25.513,25.708,5166.7,2411.1
4/19/15 16:00,25.513,25.805,3961.1,1894.5
4/19/15 16:30,25.513,25.805,1377.8,5511.1
4/19/15 17:00,25.513,25.708,3100,4994.5
4/19/15 17:30,25.416,25.61,1377.8,3100
4/19/15 18:00,25.416,25.416,505.9,1141
4/19/15 18:30,25.416,25.416,129.2,279.9
4/19/15 19:00,25.319,25.319,0,0
4/19/15 19:30,25.222,25.319,0,0
4/19/15 20:00,25.222,25.222,0,0
4/19/15 20:30,25.222,25.222,0,0
4/19/15 21:00,25.125,25.125,0,0
4/19/15 21:30,24.931,25.125,0,0
4/19/15 22:00,24.835,25.028,0,0
4/19/15 22:30,24.835,25.028,0,0
4/19/15 23:00,24.931,24.931,0,0
4/19/15 23:30,24.738,24.931,0,0
4/20/15 0:00,24.738,24.931,0,0
4/20/15 0:30,24.641,24.931,0,0
4/20/15 1:00,24.545,24.931,0,0
4/20/15 1:30,24.545,24.931,0,0
4/20/15 2:00,24.448,24.931,0,0
4/20/15 2:30,24.448,24.931,0,0
4/20/15 3:00,24.351,24.931,0,0
4/20/15 3:30,24.351,24.931,0,0
4/20/15 4:00,24.255,24.931,0,0
4/20/15 4:30,24.351,24.835,0,0
4/20/15 5:00,24.351,24.835,0,0
4/20/15 5:30,24.351,24.835,0,0
4/20/15 6:00,24.351,24.835,0,0
4/20/15 6:30,24.351,24.835,86.1,32.3
4/20/15 7:00,24.351,24.835,247.6,64.6
4/20/15 7:30,24.255,24.738,172.2,86.1
4/20/15 8:00,24.158,24.545,678.1,183
4/20/15 8:30,24.255,24.545,904.2,398.3
4/20/15 9:00,24.351,24.545,1550,645.8
4/20/15 9:30,24.448,24.641,581.3,1463.9
4/20/15 10:00,24.545,24.641,1894.5,1636.1
4/20/15 10:30,24.448,24.738,1550,3272.2
4/20/15 11:00,24.448,24.835,2152.8,2927.8
4/20/15 11:30,24.448,24.835,1377.8,3100
4/20/15 12:00,24.545,25.319,2927.8,5511.1
4/20/15 12:30,24.545,25.513,1151.7,4133.4
4/20/15 13:00,24.641,25.805,2152.8,8611.2
4/20/15 13:30,24.835,26.195,3272.2,14466.8
4/20/15 14:00,24.835,26.097,4994.5,5511.1
4/20/15 14:30,24.931,25.61,1980.6,430.6
4/20/15 15:00,24.931,25.513,1722.2,322.9
4/20/15 15:30,25.028,25.61,2927.8,441.3
4/20/15 16:00,25.125,25.513,2497.2,129.2
4/20/15 16:30,25.125,25.513,1722.2,75.3
4/20/15 17:00,25.125,25.513,1227.1,64.6
4/20/15 17:30,25.028,25.319,409,21.5
4/20/15 18:00,24.931,25.222,290.6,43.1
4/20/15 18:30,24.931,25.125,53.8,0
4/20/15 19:00,24.931,25.028,0,0
4/20/15 19:30,24.835,25.028,0,0
4/20/15 20:00,24.835,25.028,0,0
4/20/15 20:30,24.835,24.931,0,0
4/20/15 21:00,24.738,24.835,0,0
4/20/15 21:30,24.641,24.931,0,0
4/20/15 22:00,24.641,24.931,0,0
4/20/15 22:30,24.545,24.835,0,0
4/20/15 23:00,24.448,24.835,0,0
4/20/15 23:30,24.448,24.738,0,0
4/21/15 0:00,24.351,24.835,0,0
4/21/15 0:30,24.255,24.931,0,0
4/21/15 1:00,24.255,24.931,0,0
4/21/15 1:30,24.255,24.931,0,0
4/21/15 2:00,24.158,24.931,0,0
4/21/15 2:30,24.255,24.931,0,0
4/21/15 3:00,24.255,25.028,0,0
4/21/15 3:30,24.158,25.028,0,0
4/21/15 4:00,24.158,25.028,0,0
4/21/15 4:30,24.158,25.028,0,0
4/21/15 5:00,24.062,24.931,0,0
4/21/15 5:30,23.773,24.931,0,0
4/21/15 6:00,23.773,24.835,0,0
4/21/15 6:30,23.869,24.835,10.8,0
4/21/15 7:00,23.773,24.835,86.1,21.5
4/21/15 7:30,23.773,25.028,118.4,2497.2
4/21/15 8:00,23.773,25.125,150.7,3444.5
4/21/15 8:30,23.773,24.641,258.3,1377.8
4/21/15 9:00,23.869,24.835,731.9,2927.8
4/21/15 9:30,23.966,24.641,871.9,2669.5
4/21/15 10:00,23.966,24.931,1184,4994.5
4/21/15 10:30,24.062,24.931,1808.3,958
4/21/15 11:00,24.158,24.931,1722.2,5511.1
4/21/15 11:30,24.158,25.028,1722.2,3444.5
4/21/15 12:00,24.255,25.805,2411.1,18600.1
4/21/15 12:30,24.448,25.708,2583.4,11022.3
4/21/15 13:00,24.738,25.513,3616.7,4994.5
4/21/15 13:30,24.641,25.416,1636.1,1550
4/21/15 14:00,24.931,25.416,1463.9,2497.2
4/21/15 14:30,25.125,25.902,4305.6,5511.1
4/21/15 15:00,25.416,26.097,1334.7,6200
4/21/15 15:30,25.416,25.61,2927.8,2583.4
4/21/15 16:00,25.61,25.513,645.8,1722.2
4/21/15 16:30,25.708,25.319,516.7,785.8
4/21/15 17:00,25.708,25.222,247.6,785.8
4/21/15 17:30,25.513,25.222,107.6,322.9
4/21/15 18:00,25.61,25.125,43.1,183
4/21/15 18:30,25.708,24.931,21.5,75.3
4/21/15 19:00,25.61,24.835,0,0
4/21/15 19:30,25.61,24.835,0,0
4/21/15 20:00,25.416,24.835,0,0
4/21/15 20:30,25.222,24.835,0,0
4/21/15 21:00,25.319,24.835,0,0
4/21/15 21:30,25.125,24.738,0,0
4/21/15 22:00,25.222,24.738,0,0
4/21/15 22:30,25.416,24.641,0,0
4/21/15 23:00,25.319,24.738,0,0
4/21/15 23:30,25.222,24.931,0,0
4/22/15 0:00,25.222,24.931,0,0
4/22/15 0:30,25.125,24.931,0,0
4/22/15 1:00,25.028,24.931,0,0
4/22/15 1:30,25.125,24.931,0,0
4/22/15 2:00,25.028,24.931,0,0
4/22/15 2:30,25.028,24.931,0,0
4/22/15 3:00,25.028,24.931,0,0
4/22/15 3:30,25.028,25.028,0,0
4/22/15 4:00,24.931,25.125,0,0
4/22/15 4:30,24.738,25.222,0,0
4/22/15 5:00,24.448,25.125,0,0
4/22/15 5:30,24.448,25.125,0,0
4/22/15 6:00,24.545,25.125,0,0
4/22/15 6:30,24.738,25.125,32.3,107.6
4/22/15 7:00,24.641,25.125,53.8,376.7
4/22/15 7:30,24.448,25.125,150.7,527.4
4/22/15 8:00,24.545,25.125,215.3,570.5
4/22/15 8:30,24.351,25.319,398.3,1550
4/22/15 9:00,24.255,25.222,1076.4,1119.5
4/22/15 9:30,24.641,25.222,1227.1,2497.2
4/22/15 10:00,24.448,25.222,904.2,1463.9
4/22/15 10:30,24.641,25.222,1808.3,1722.2
4/22/15 11:00,24.641,25.222,1894.5,1463.9
4/22/15 11:30,25.028,25.416,2411.1,2325
4/22/15 12:00,25.319,25.61,2755.6,2583.4
4/22/15 12:30,25.513,25.902,3444.5,4305.6
4/22/15 13:00,25.805,26,4133.4,3616.7
4/22/15 13:30,26.39,26.292,5338.9,4133.4
4/22/15 14:00,26.488,26,5338.9,3788.9
4/22/15 14:30,26.195,26.39,7577.8,5166.7
4/22/15 15:00,25.902,26,4994.5,3100
4/22/15 15:30,26.097,26.097,1636.1,4477.8
4/22/15 16:00,26.683,26.097,1001,3272.2
4/22/15 16:30,26.488,25.902,3444.5,2325
4/22/15 17:00,26.585,25.708,807.3,1377.8
4/22/15 17:30,26.683,25.513,764.2,990.3
4/22/15 18:00,26.488,25.028,484.4,882.6
4/22/15 18:30,26.39,24.835,64.6,226
4/22/15 19:00,26.195,24.835,0,0
4/22/15 19:30,25.902,24.931,0,0
4/22/15 20:00,25.902,24.931,0,0
4/22/15 20:30,26.39,25.125,0,0
4/22/15 21:00,25.902,25.222,0,0
4/22/15 21:30,26.585,25.416,0,0
4/22/15 22:00,26.39,25.319,0,0
4/22/15 22:30,26.39,25.222,0,0
4/22/15 23:00,26.585,25.222,0,0
4/22/15 23:30,26.097,25.125,0,0
4/23/15 0:00,26.292,25.125,0,0
4/23/15 0:30,26.488,25.125,0,0
4/23/15 1:00,26.195,25.416,0,0
4/23/15 1:30,26.097,25.513,0,0
4/23/15 2:00,25.61,25.513,0,0
4/23/15 2:30,25.805,25.319,0,0
4/23/15 3:00,25.416,25.319,0,0
4/23/15 3:30,25.416,25.319,0,0
4/23/15 4:00,25.513,25.319,0,0
4/23/15 4:30,25.513,25.416,0,0
4/23/15 5:00,25.319,25.416,0,0
4/23/15 5:30,25.222,25.416,0,0
4/23/15 6:00,25.319,25.319,0,0
4/23/15 6:30,25.319,25.416,21.5,161.5
4/23/15 7:00,25.319,25.416,139.9,430.6
4/23/15 7:30,25.416,25.416,333.7,624.3
4/23/15 8:00,25.319,25.513,279.9,710.4
4/23/15 8:30,25.416,25.708,592,1270.1
4/23/15 9:00,25.708,25.902,710.4,1636.1
4/23/15 9:30,25.902,26,1054.9,1463.9
4/23/15 10:00,25.805,26.097,678.1,2411.1
4/23/15 10:30,25.902,25.902,1463.9,2066.7
4/23/15 11:00,26.097,25.902,1722.2,6200
4/23/15 11:30,26.195,26,1894.5,6544.5
4/23/15 12:00,26.292,26.097,2238.9,8266.7
4/23/15 12:30,26.585,25.708,2583.4,43.1
4/23/15 13:00,26.488,25.805,2325,64.6
4/23/15 13:30,26.977,25.902,3272.2,64.6
4/23/15 14:00,26.879,25.902,4133.4,96.9
4/23/15 14:30,26.977,26.488,4650,10677.8
4/23/15 15:00,26.977,26.488,3788.9,12400.1
4/23/15 15:30,27.075,26.39,5166.7,13777.9
4/23/15 16:00,27.173,26.292,4305.6,7577.8
4/23/15 16:30,27.37,26.195,2755.6,5511.1
4/23/15 17:00,27.173,25.805,183,1065.6
4/23/15 17:30,27.173,25.61,43.1,592
4/23/15 18:00,27.272,25.513,43.1,290.6
4/23/15 18:30,27.37,25.416,21.5,247.6
4/23/15 19:00,27.37,25.319,0,0
4/23/15 19:30,27.272,25.319,0,0
4/23/15 20:00,26.683,25.319,0,0
4/23/15 20:30,26.977,25.319,0,0
4/23/15 21:00,26.781,25.319,0,0
4/23/15 21:30,26.585,25.416,0,0
4/23/15 22:00,26.39,25.513,0,0
4/23/15 22:30,27.37,25.416,0,0
4/23/15 23:00,26.977,25.319,0,0
4/23/15 23:30,26.097,25.319,0,0
4/24/15 0:00,26.39,25.416,0,0
4/24/15 0:30,26.292,25.416,0,0
4/24/15 1:00,26.195,25.513,0,0
4/24/15 1:30,25.902,25.513,0,0
4/24/15 2:00,25.61,25.708,0,0
4/24/15 2:30,25.805,25.61,0,0
4/24/15 3:00,25.513,25.61,0,0
4/24/15 3:30,25.416,25.61,0,0
4/24/15 4:00,25.416,25.513,0,0
4/24/15 4:30,25.416,25.513,0,0
4/24/15 5:00,25.319,25.513,0,0
4/24/15 5:30,25.319,25.416,0,0
4/24/15 6:00,25.319,25.319,0,10.8
4/24/15 6:30,25.319,25.319,53.8,516.7
4/24/15 7:00,25.319,25.319,129.2,807.3
4/24/15 7:30,25.222,25.222,193.8,1313.2
4/24/15 8:00,25.222,25.416,312.2,2066.7
4/24/15 8:30,25.222,25.708,398.3,5166.7
4/24/15 9:00,25.222,25.805,484.4,11711.2
4/24/15 9:30,25.319,26,570.5,14466.8
4/24/15 10:00,25.513,26,699.7,5511.1
4/24/15 10:30,25.805,26.39,936.5,19289
4/24/15 11:00,26,26.488,1130.2,20666.8
4/24/15 11:30,26.097,26.39,925.7,22044.6
4/24/15 12:00,26.097,26.585,1463.9,18600.1
4/24/15 12:30,26.488,26.488,1194.8,13777.9
4/24/15 13:00,27.075,26.683,1636.1,12400.1
4/24/15 13:30,27.37,26.683,1044.1,10333.4
4/24/15 14:00,27.37,26.879,2152.8,10333.4
4/24/15 14:30,27.567,26.879,1808.3,8611.2
4/24/15 15:00,27.567,26.879,699.7,8266.7
4/24/15 15:30,27.764,26.879,1550,9300.1
4/24/15 16:00,28.06,26.879,2152.8,7233.4
4/24/15 16:30,27.862,26.585,387.5,5166.7
4/24/15 17:00,27.862,26.292,376.7,3961.1
4/24/15 17:30,27.764,26.195,193.8,1076.4
4/24/15 18:00,27.665,26.097,107.6,516.7
4/24/15 18:30,27.665,25.805,32.3,484.4
4/24/15 19:00,27.567,25.805,0,10.8
4/24/15 19:30,27.272,25.805,0,0
4/24/15 20:00,26.977,25.805,0,0
4/24/15 20:30,26.781,25.805,0,0
4/24/15 21:00,26.488,25.805,0,0
4/24/15 21:30,26.488,25.805,0,0
4/24/15 22:00,26.488,25.805,0,0
4/24/15 22:30,26.39,25.805,0,0
4/24/15 23:00,26.488,25.708,0,0
4/24/15 23:30,26.781,25.708,0,0
4/25/15 0:00,26.488,25.708,0,0
4/25/15 0:30,27.665,25.61,0,0
4/25/15 1:00,27.37,25.708,0,0
4/25/15 1:30,27.272,25.902,0,0
4/25/15 2:00,26.781,25.805,0,0
4/25/15 2:30,26.781,26.097,0,0
4/25/15 3:00,26.781,26.097,0,0
4/25/15 3:30,26.39,26,0,0
4/25/15 4:00,26.292,25.902,0,0
4/25/15 4:30,26.195,25.902,0,0
4/25/15 5:00,26.39,25.805,0,0
4/25/15 5:30,26.781,25.708,0,0
4/25/15 6:00,26.683,25.708,0,0
4/25/15 6:30,26.585,25.708,0,150.7
4/25/15 7:00,26.097,25.708,21.5,731.9
4/25/15 7:30,25.805,25.805,107.6,2325
4/25/15 8:00,26,25.902,183,3961.1
4/25/15 8:30,26.097,26,193.8,4650
4/25/15 9:00,26.195,26,333.7,3100
4/25/15 9:30,26.195,26.585,355.2,13089
4/25/15 10:00,26.39,26.879,387.5,13777.9
4/25/15 10:30,26.488,26.781,398.3,18600.1
4/25/15 11:00,26.683,27.173,516.7,20666.8
4/25/15 11:30,26.879,27.272,495.1,26178
4/25/15 12:00,26.977,27.173,613.5,16533.4
4/25/15 12:30,27.075,27.272,279.9,30311.3
4/25/15 13:00,27.37,27.075,990.3,14466.8
4/25/15 13:30,27.468,26.977,301.4,14466.8
4/25/15 14:00,27.567,26.879,1259.4,9300.1
4/25/15 14:30,27.665,26.977,269.1,10333.4
4/25/15 15:00,28.06,27.075,839.6,12400.1
4/25/15 15:30,28.258,26.977,818.1,6200
4/25/15 16:00,28.357,26.781,645.8,4994.5
4/25/15 16:30,28.456,26.781,1001,5166.7
4/25/15 17:00,28.555,26.683,613.5,3100
4/25/15 17:30,28.456,26.585,193.8,1194.8
4/25/15 18:00,28.555,26.39,96.9,990.3
4/25/15 18:30,28.456,26.097,10.8,387.5
4/25/15 19:00,28.258,25.902,0,10.8
4/25/15 19:30,27.862,25.805,0,0
4/25/15 20:00,27.961,25.61,0,0
4/25/15 20:30,27.764,25.61,0,0
4/25/15 21:00,27.665,25.805,0,0
4/25/15 21:30,27.468,25.708,0,0
4/25/15 22:00,27.468,25.708,0,0
4/25/15 22:30,27.468,25.708,0,0
4/25/15 23:00,26.879,25.708,0,0
4/25/15 23:30,27.37,25.708,0,0
4/26/15 0:00,27.173,25.805,0,0
4/26/15 0:30,27.37,25.902,0,0
4/26/15 1:00,27.272,25.902,0,0
4/26/15 1:30,27.468,25.805,0,0
4/26/15 2:00,27.567,25.902,0,0
4/26/15 2:30,27.468,26,0,0
4/26/15 3:00,27.37,26.195,0,0
4/26/15 3:30,27.272,26.292,0,0
4/26/15 4:00,27.272,26.39,0,0
4/26/15 4:30,27.173,26.292,0,0
4/26/15 5:00,27.173,26.292,0,0
4/26/15 5:30,27.075,26.292,0,0
4/26/15 6:00,27.075,26.097,0,10.8
4/26/15 6:30,27.075,25.902,0,409
4/26/15 7:00,27.075,25.805,32.3,742.7
4/26/15 7:30,26.977,25.902,64.6,1033.3
4/26/15 8:00,26.781,26,107.6,3788.9
4/26/15 8:30,26.879,26.292,183,6544.5
4/26/15 9:00,26.977,26.195,86.1,8266.7
4/26/15 9:30,27.075,26.488,161.5,10677.8
4/26/15 10:00,27.075,26.781,204.5,15155.7
4/26/15 10:30,27.173,26.879,236.8,19289
4/26/15 11:00,27.37,27.37,247.6,23422.4
4/26/15 11:30,27.567,27.272,387.5,24800.2
4/26/15 12:00,27.468,27.173,344.4,19289
4/26/15 12:30,27.468,26.585,183,6544.5
4/26/15 13:00,27.665,27.173,462.9,9644.5
4/26/15 13:30,27.764,27.468,344.4,24800.2
4/26/15 14:00,28.159,27.468,656.6,27555.7
4/26/15 14:30,28.258,27.665,247.6,19977.9
4/26/15 15:00,28.357,27.665,193.8,15155.7
4/26/15 15:30,28.357,27.37,129.2,4650
4/26/15 16:00,28.555,27.567,86.1,5511.1
4/26/15 16:30,28.258,27.468,96.9,3100
4/26/15 17:00,28.159,27.468,43.1,2755.6
4/26/15 17:30,28.258,27.075,10.8,721.2
4/26/15 18:00,28.06,26.781,0,624.3
4/26/15 18:30,27.764,26.488,0,183
4/26/15 19:00,27.764,26.39,0,0
4/26/15 19:30,27.764,26.195,0,0
4/26/15 20:00,27.862,26.195,0,0
4/26/15 20:30,27.862,26.097,0,0
4/26/15 21:00,27.764,26.097,0,0
4/26/15 21:30,27.567,26.097,0,0
4/26/15 22:00,27.567,26.097,0,0
4/26/15 22:30,27.567,26,0,0
4/26/15 23:00,27.37,26,0,0
4/26/15 23:30,27.272,26,0,0
4/27/15 0:00,27.37,25.902,0,0
4/27/15 0:30,27.272,25.902,0,0
4/27/15 1:00,27.173,25.902,0,0
4/27/15 1:30,27.075,25.805,0,0
4/27/15 2:00,27.075,25.805,0,0
4/27/15 2:30,27.075,25.902,0,0
4/27/15 3:00,26.977,26,0,0
4/27/15 3:30,26.879,26.097,0,0
4/27/15 4:00,26.879,26,0,0
4/27/15 4:30,26.781,26,0,0
4/27/15 5:00,26.683,25.902,0,0
4/27/15 5:30,26.683,25.708,0,0
4/27/15 6:00,26.585,25.708,0,43.1
4/27/15 6:30,26.585,25.61,64.6,495.1
4/27/15 7:00,26.488,25.61,172.2,1280.9
4/27/15 7:30,26.39,25.61,301.4,1722.2
4/27/15 8:00,26.39,25.513,409,3100
4/27/15 8:30,26.292,26,516.7,9300.1
4/27/15 9:00,26.195,26.097,807.3,11711.2
4/27/15 9:30,26.097,26.292,796.5,16533.4
4/27/15 10:00,26.097,26.488,936.5,18600.1
4/27/15 10:30,26.097,26.488,1033.3,3272.2
4/27/15 11:00,26,26.683,635.1,16533.4
4/27/15 11:30,26.097,26.781,1205.6,24800.2
4/27/15 12:00,26.195,26.781,1463.9,24800.2
4/27/15 12:30,26.195,26.879,1280.9,26178
4/27/15 13:00,26.195,26.879,1894.5,23422.4
4/27/15 13:30,26.292,26.879,1151.7,21355.7
4/27/15 14:00,26.292,26.781,1011.8,12400.1
4/27/15 14:30,26.292,26.879,893.4,10333.4
4/27/15 15:00,26.39,26.879,807.3,8611.2
4/27/15 15:30,26.39,26.879,968.8,8266.7
4/27/15 16:00,26.488,26.879,3444.5,5166.7
4/27/15 16:30,26.488,26.879,2755.6,3788.9
4/27/15 17:00,26.488,26.879,3100,2411.1
4/27/15 17:30,26.39,26.683,1054.9,2152.8
4/27/15 18:00,26.292,26.39,312.2,958
4/27/15 18:30,26.292,26.097,107.6,366
4/27/15 19:00,26.195,26,0,10.8
4/27/15 19:30,26.195,25.805,0,0
4/27/15 20:00,26.097,25.61,0,0
4/27/15 20:30,26.097,25.513,0,0
4/27/15 21:00,26,25.513,0,0
4/27/15 21:30,25.902,25.513,0,0
4/27/15 22:00,25.805,25.513,0,0
4/27/15 22:30,25.708,25.513,0,0
4/27/15 23:00,25.61,25.416,0,0
4/27/15 23:30,25.61,25.416,0,0
4/28/15 0:00,25.513,25.416,0,0
4/28/15 0:30,25.513,25.416,0,0
4/28/15 1:00,25.513,25.416,0,0
4/28/15 1:30,25.416,25.416,0,0
4/28/15 2:00,25.416,25.416,0,0
4/28/15 2:30,25.319,25.513,0,0
4/28/15 3:00,25.319,25.416,0,0
4/28/15 3:30,25.222,25.319,0,0
4/28/15 4:00,25.222,25.319,0,0
4/28/15 4:30,25.222,25.222,0,0
4/28/15 5:00,25.222,25.125,0,0
4/28/15 5:30,25.125,25.125,0,0
4/28/15 6:00,25.125,24.931,0,10.8
4/28/15 6:30,25.028,24.931,43.1,247.6
4/28/15 7:00,25.028,24.931,183,839.6
4/28/15 7:30,25.125,24.931,172.2,1377.8
4/28/15 8:00,25.125,25.028,247.6,1636.1
4/28/15 8:30,25.125,25.319,484.4,11022.3
4/28/15 9:00,25.125,25.513,398.3,14466.8
4/28/15 9:30,25.222,25.805,721.2,5511.1
4/28/15 10:00,25.319,26.097,602.8,18600.1
4/28/15 10:30,25.416,25.708,979.5,7233.4
4/28/15 11:00,25.416,25.902,559.7,13089
4/28/15 11:30,25.513,26.097,688.9,28933.5
4/28/15 12:00,25.61,26,839.6,14466.8
4/28/15 12:30,25.708,26.292,1248.6,24800.2
4/28/15 13:00,25.805,26.292,1377.8,6544.5
4/28/15 13:30,25.902,26.195,1162.5,7233.4
4/28/15 14:00,26,26.195,1808.3,5166.7
4/28/15 14:30,26.097,26.097,721.2,3788.9
4/28/15 15:00,26.195,26.292,2411.1,9300.1
4/28/15 15:30,26.195,26.195,581.3,7577.8
4/28/15 16:00,26.097,26,355.2,1894.5
4/28/15 16:30,26.195,26,613.5,1808.3
4/28/15 17:00,26.097,26,290.6,1463.9
4/28/15 17:30,26,26,344.4,656.6
4/28/15 18:00,26,26,312.2,581.3
4/28/15 18:30,26,26,96.9,312.2
4/28/15 19:00,25.902,26,0,0
4/28/15 19:30,25.805,25.902,0,0
4/28/15 20:00,25.708,25.902,0,0
4/28/15 20:30,25.708,25.902,0,0
4/28/15 21:00,25.708,25.805,0,0
4/28/15 21:30,25.708,25.61,0,0
4/28/15 22:00,25.61,25.61,0,0
4/28/15 22:30,25.61,25.61,0,0
4/28/15 23:00,25.513,25.708,0,0
4/28/15 23:30,25.513,25.708,0,0
4/29/15 0:00,25.513,25.61,0,0
4/29/15 0:30,25.416,25.61,0,0
4/29/15 1:00,25.416,25.61,0,0
4/29/15 1:30,25.416,25.61,0,0
4/29/15 2:00,25.319,25.61,0,0
4/29/15 2:30,25.416,25.61,0,0
4/29/15 3:00,25.416,25.513,0,0
4/29/15 3:30,25.416,25.416,0,0
4/29/15 4:00,25.319,25.319,0,0
4/29/15 4:30,25.222,25.222,0,0
4/29/15 5:00,25.125,25.222,0,0
4/29/15 5:30,25.125,25.125,0,0
4/29/15 6:00,25.125,25.028,0,21.5
4/29/15 6:30,25.028,25.028,96.9,344.4
4/29/15 7:00,25.028,25.028,172.2,1119.5
4/29/15 7:30,25.125,25.028,312.2,1291.7
4/29/15 8:00,25.125,25.125,376.7,2325
4/29/15 8:30,25.125,25.319,355.2,2755.6
4/29/15 9:00,25.125,25.805,322.9,9644.5
4/29/15 9:30,25.125,25.805,430.6,12400.1
4/29/15 10:00,25.125,26.292,505.9,9644.5
4/29/15 10:30,25.222,26.488,656.6,19977.9
4/29/15 11:00,25.125,26.488,796.5,10333.4
4/29/15 11:30,25.319,26.488,818.1,9300.1
4/29/15 12:00,25.319,26.488,1173.3,13777.9
4/29/15 12:30,25.416,26.879,1216.3,26178
4/29/15 13:00,25.513,26.879,2497.2,28933.5
4/29/15 13:30,25.513,26.781,549,14466.8
4/29/15 14:00,25.61,26.683,1550,24800.2
4/29/15 14:30,25.805,26.585,624.3,12400.1
4/29/15 15:00,25.805,26.488,3788.9,26178
4/29/15 15:30,25.805,26.39,742.7,17222.3
4/29/15 16:00,25.805,26.292,904.2,5166.7
4/29/15 16:30,25.902,26.39,1636.1,5166.7
4/29/15 17:00,25.805,26.292,398.3,2755.6
4/29/15 17:30,25.805,26.195,839.6,1377.8
4/29/15 18:00,25.708,26.097,247.6,678.1
4/29/15 18:30,25.708,26,64.6,226
4/29/15 19:00,25.61,25.902,0,10.8
4/29/15 19:30,25.61,25.902,0,0
4/29/15 20:00,25.513,25.902,0,0
4/29/15 20:30,25.513,25.805,0,0
4/29/15 21:00,25.513,25.708,0,0
4/29/15 21:30,25.416,25.61,0,0
4/29/15 22:00,25.319,25.61,0,0
4/29/15 22:30,25.319,25.61,0,0
4/29/15 23:00,25.319,25.61,0,0
4/29/15 23:30,25.222,25.61,0,0
4/30/15 0:00,25.222,25.61,0,0
4/30/15 0:30,25.125,25.61,0,0
4/30/15 1:00,25.125,25.61,0,0
4/30/15 1:30,25.125,25.61,0,0
4/30/15 2:00,25.125,25.61,0,0
4/30/15 2:30,25.125,25.513,0,0
4/30/15 3:00,25.028,25.513,0,0
4/30/15 3:30,25.028,25.513,0,0
4/30/15 4:00,25.028,25.513,0,0
4/30/15 4:30,25.028,25.416,0,0
4/30/15 5:00,24.931,25.222,0,0
4/30/15 5:30,24.835,25.125,0,0
4/30/15 6:00,24.738,25.028,0,32.3
4/30/15 6:30,24.738,24.931,43.1,301.4
4/30/15 7:00,24.738,24.835,183,882.6
4/30/15 7:30,24.738,24.835,183,1076.4
4/30/15 8:00,24.738,24.835,279.9,1291.7
4/30/15 8:30,24.835,24.931,602.8,5166.7
4/30/15 9:00,24.835,24.931,247.6,3444.5
4/30/15 9:30,24.835,24.931,1151.7,2755.6
4/30/15 10:00,24.931,25.513,839.6,11711.2
4/30/15 10:30,24.835,26.292,624.3,18600.1
4/30/15 11:00,24.931,26.488,1345.5,17222.3
4/30/15 11:30,25.028,26.585,1087.2,23422.4
4/30/15 12:00,25.222,26.585,1722.2,15155.7
4/30/15 12:30,25.319,26.585,1980.6,17222.3
4/30/15 13:00,25.416,26.781,2755.6,20666.8
4/30/15 13:30,25.61,26.683,2755.6,14466.8
4/30/15 14:00,25.61,26.683,3616.7,10677.8
4/30/15 14:30,25.805,26.488,3961.1,24800.2
4/30/15 15:00,25.902,26.39,6200,11711.2
4/30/15 15:30,25.805,26.292,1377.8,8611.2
4/30/15 16:00,26,26.39,5166.7,6544.5
4/30/15 16:30,25.902,26.195,936.5,2066.7
4/30/15 17:00,25.902,26.097,1722.2,1377.8
4/30/15 17:30,25.902,26.097,1894.5,1808.3
4/30/15 18:00,25.805,26,247.6,1205.6
4/30/15 18:30,25.805,26,86.1,419.8
4/30/15 19:00,25.708,25.902,0,10.8
4/30/15 19:30,25.61,25.902,0,0
4/30/15 20:00,25.416,25.902,0,0
4/30/15 20:30,25.416,25.805,0,0
4/30/15 21:00,25.416,25.805,0,0
4/30/15 21:30,25.416,25.805,0,0
4/30/15 22:00,25.319,25.708,0,0
4/30/15 22:30,25.222,25.708,0,0
4/30/15 23:00,25.222,25.61,0,0
4/30/15 23:30,25.222,25.61,0,0
5/1/15 0:00,25.222,25.61,0,0
5/1/15 0:30,25.125,25.61,0,0
5/1/15 1:00,25.028,25.61,0,0
5/1/15 1:30,25.028,25.513,0,0
5/1/15 2:00,25.028,25.513,0,0
5/1/15 2:30,25.125,25.513,0,0
5/1/15 3:00,25.125,25.513,0,0
5/1/15 3:30,25.125,25.416,0,0
5/1/15 4:00,25.125,25.416,0,0
5/1/15 4:30,25.125,25.416,0,0
5/1/15 5:00,25.125,25.319,0,0
5/1/15 5:30,25.125,25.222,0,0
5/1/15 6:00,25.028,25.125,0,32.3
5/1/15 6:30,24.835,25.028,64.6,290.6
5/1/15 7:00,24.835,24.931,204.5,635.1
5/1/15 7:30,24.835,24.931,301.4,764.2
5/1/15 8:00,24.931,24.931,624.3,1324
5/1/15 8:30,24.931,25.125,516.7,4822.3
5/1/15 9:00,25.028,25.028,538.2,2497.2
5/1/15 9:30,25.028,25.319,721.2,8266.7
5/1/15 10:00,25.028,25.125,699.7,7233.4
5/1/15 10:30,25.028,25.125,1108.7,6200
5/1/15 11:00,25.028,25.125,592,2669.5
5/1/15 11:30,25.028,25.61,613.5,3961.1
5/1/15 12:00,25.125,26,1119.5,9644.5
5/1/15 12:30,25.222,25.902,990.3,7577.8
5/1/15 13:00,25.319,26.292,1550,10333.4
5/1/15 13:30,25.222,26,1087.2,7233.4
5/1/15 14:00,25.319,26.195,1065.6,15155.7
5/1/15 14:30,25.416,26.39,1636.1,17222.3
5/1/15 15:00,25.513,26.195,2583.4,8611.2
5/1/15 15:30,25.513,26.097,516.7,2325
5/1/15 16:00,25.61,25.902,2755.6,2411.1
5/1/15 16:30,25.61,25.708,1550,1722.2
5/1/15 17:00,25.61,25.805,505.9,2238.9
5/1/15 17:30,25.513,25.805,409,2669.5
5/1/15 18:00,25.513,25.708,301.4,1162.5
5/1/15 18:30,25.416,25.61,75.3,290.6
5/1/15 19:00,25.416,25.513,0,10.8
5/1/15 19:30,25.222,25.513,0,0
5/1/15 20:00,25.125,25.513,0,0
5/1/15 20:30,25.125,25.416,0,0
5/1/15 21:00,25.222,25.416,0,0
5/1/15 21:30,25.125,25.416,0,0
5/1/15 22:00,25.028,25.319,0,0
5/1/15 22:30,24.931,25.416,0,0
5/1/15 23:00,24.931,25.416,0,0
5/1/15 23:30,24.835,25.319,0,0
5/2/15 0:00,24.738,25.319,0,0
5/2/15 0:30,24.738,25.416,0,0
5/2/15 1:00,24.641,25.416,0,0
5/2/15 1:30,24.641,25.319,0,0
5/2/15 2:00,24.641,25.416,0,0
5/2/15 2:30,24.641,25.416,0,0
5/2/15 3:00,24.641,25.319,0,0
5/2/15 3:30,24.641,25.319,0,0
5/2/15 4:00,24.641,25.222,0,0
5/2/15 4:30,24.641,25.222,0,0
5/2/15 5:00,24.641,25.222,0,0
5/2/15 5:30,24.545,25.028,0,0
5/2/15 6:00,24.545,24.931,10.8,21.5
5/2/15 6:30,24.351,24.835,172.2,258.3
5/2/15 7:00,24.255,24.641,269.1,398.3
5/2/15 7:30,24.255,24.545,333.7,925.7
5/2/15 8:00,24.351,24.448,559.7,559.7
5/2/15 8:30,24.448,24.641,441.3,4305.6
5/2/15 9:00,24.545,24.835,473.6,5511.1
5/2/15 9:30,24.545,24.835,753.5,6544.5
5/2/15 10:00,24.641,25.222,818.1,14466.8
5/2/15 10:30,24.641,25.708,979.5,4133.4
5/2/15 11:00,24.738,26,1001,12400.1
5/2/15 11:30,24.738,26.195,1119.5,5166.7
5/2/15 12:00,25.028,26.488,2325,16533.4
5/2/15 12:30,25.125,26.488,2755.6,11711.2
5/2/15 13:00,25.222,26.488,3788.9,14466.8
5/2/15 13:30,25.513,26.585,4133.4,28933.5
5/2/15 14:00,25.61,26.488,2411.1,11022.3
5/2/15 14:30,25.708,26.292,6200,7577.8
5/2/15 15:00,25.805,26.488,4994.5,12400.1
5/2/15 15:30,25.708,26.292,3961.1,10677.8
5/2/15 16:00,25.805,26.292,3444.5,8611.2
5/2/15 16:30,25.805,26.097,1097.9,5511.1
5/2/15 17:00,25.805,26.195,1377.8,5511.1
5/2/15 17:30,25.708,26.097,1636.1,4477.8
5/2/15 18:00,25.708,26,839.6,1141
5/2/15 18:30,25.61,25.902,258.3,430.6
5/2/15 19:00,25.513,25.805,0,10.8
5/2/15 19:30,25.416,25.708,0,0
5/2/15 20:00,25.222,25.708,0,0
5/2/15 20:30,25.222,25.708,0,0
5/2/15 21:00,25.222,25.708,0,0
5/2/15 21:30,25.222,25.708,0,0
5/2/15 22:00,25.125,25.708,0,0
5/2/15 22:30,25.028,25.61,0,0
5/2/15 23:00,24.931,25.513,0,0
5/2/15 23:30,24.835,25.513,0,0
5/3/15 0:00,24.835,25.513,0,0
5/3/15 0:30,24.738,25.513,0,0
5/3/15 1:00,24.738,25.513,0,0
5/3/15 1:30,24.738,25.416,0,0
5/3/15 2:00,24.738,25.416,0,0
5/3/15 2:30,24.835,25.319,0,0
5/3/15 3:00,24.835,25.319,0,0
5/3/15 3:30,24.835,25.222,0,0
5/3/15 4:00,24.835,25.222,0,0
5/3/15 4:30,24.835,25.222,0,0
5/3/15 5:00,24.835,25.222,0,0
5/3/15 5:30,24.738,25.222,0,0
5/3/15 6:00,24.738,25.125,10.8,53.8
5/3/15 6:30,24.641,25.125,161.5,538.2
5/3/15 7:00,24.545,25.028,355.2,678.1
5/3/15 7:30,24.448,24.931,516.7,742.7
5/3/15 8:00,24.448,24.835,710.4,893.4
5/3/15 8:30,24.448,25.028,925.7,5166.7
5/3/15 9:00,24.448,25.125,699.7,6544.5
5/3/15 9:30,24.448,25.222,796.5,12400.1
5/3/15 10:00,24.448,25.222,1636.1,11711.2
5/3/15 10:30,24.545,25.319,1065.6,13089
5/3/15 11:00,24.545,25.513,1808.3,16533.4
5/3/15 11:30,24.738,25.902,2238.9,18600.1
5/3/15 12:00,24.931,26.195,721.2,26178
5/3/15 12:30,25.222,26.292,3788.9,27555.7
5/3/15 13:00,25.222,26.097,1463.9,5511.1
5/3/15 13:30,25.513,26.39,4822.3,28933.5
5/3/15 14:00,25.61,26.292,5511.1,21355.7
5/3/15 14:30,25.513,26.292,4822.3,18600.1
5/3/15 15:00,25.513,26.195,5511.1,12400.1
5/3/15 15:30,25.61,26.195,5166.7,9300.1
5/3/15 16:00,25.61,25.805,5338.9,2927.8
5/3/15 16:30,25.708,26,2583.4,5166.7
5/3/15 17:00,25.708,25.805,2755.6,4477.8
5/3/15 17:30,25.61,25.708,1894.5,1722.2
5/3/15 18:00,25.513,25.61,247.6,1054.9
5/3/15 18:30,25.513,25.61,86.1,441.3
5/3/15 19:00,25.416,25.513,0,32.3
5/3/15 19:30,25.319,25.513,0,0
5/3/15 20:00,25.222,25.513,0,0
5/3/15 20:30,25.125,25.416,0,0
5/3/15 21:00,25.125,25.319,0,0
5/3/15 21:30,25.028,25.319,0,0
5/3/15 22:00,24.931,25.319,0,0
5/3/15 22:30,24.931,25.222,0,0
5/3/15 23:00,24.738,25.222,0,0
5/3/15 23:30,24.738,25.319,0,0
5/4/15 0:00,24.931,25.416,0,0
5/4/15 0:30,24.931,25.319,0,0
5/4/15 1:00,25.125,25.319,0,0
5/4/15 1:30,24.835,25.319,0,0
5/4/15 2:00,24.738,25.319,0,0
5/4/15 2:30,24.641,25.319,0,0
5/4/15 3:00,24.738,25.222,0,0
5/4/15 3:30,24.738,25.222,0,0
5/4/15 4:00,24.835,25.222,0,0
5/4/15 4:30,24.835,25.125,0,0
5/4/15 5:00,24.835,25.125,0,0
5/4/15 5:30,24.835,25.125,0,0
5/4/15 6:00,24.738,25.125,21.5,64.6
5/4/15 6:30,24.738,25.028,150.7,419.8
5/4/15 7:00,24.641,24.931,398.3,667.4
5/4/15 7:30,24.545,24.835,398.3,764.2
5/4/15 8:00,24.545,24.835,1011.8,2325
5/4/15 8:30,24.545,24.835,925.7,2238.9
5/4/15 9:00,24.545,24.835,1313.2,3444.5
5/4/15 9:30,24.545,24.931,1280.9,3961.1
5/4/15 10:00,24.641,25.222,2583.4,8266.7
5/4/15 10:30,24.641,25.125,1894.5,7233.4
5/4/15 11:00,24.641,25.222,1894.5,6200
5/4/15 11:30,24.738,25.805,3100,18600.1
5/4/15 12:00,24.835,25.513,2411.1,8611.2
5/4/15 12:30,24.931,25.708,3100,9644.5
5/4/15 13:00,25.125,26,3100,15844.5
5/4/15 13:30,25.125,26,4305.6,19289
5/4/15 14:00,25.319,26.097,5166.7,20666.8
5/4/15 14:30,25.416,26,5511.1,17222.3
5/4/15 15:00,25.416,25.902,1980.6,13777.9
5/4/15 15:30,25.513,25.902,4477.8,11711.2
5/4/15 16:00,25.61,25.805,4133.4,10677.8
5/4/15 16:30,25.61,25.708,2927.8,4650
5/4/15 17:00,25.61,25.61,3272.2,1550
5/4/15 17:30,25.61,25.513,2927.8,2755.6
5/4/15 18:00,25.513,25.513,839.6,1463.9
5/4/15 18:30,25.513,25.416,129.2,441.3
5/4/15 19:00,25.513,25.319,0,32.3
5/4/15 19:30,25.416,25.319,0,0
5/4/15 20:00,25.416,25.416,0,0
5/4/15 20:30,25.416,25.416,0,0
5/4/15 21:00,25.319,25.416,0,0
5/4/15 21:30,25.222,25.319,0,0
5/4/15 22:00,24.931,25.319,0,0
5/4/15 22:30,24.931,25.319,0,0
5/4/15 23:00,24.931,25.319,0,0
5/4/15 23:30,24.931,25.319,0,0
5/5/15 0:00,24.931,25.319,0,0
5/5/15 0:30,24.835,25.222,0,0
5/5/15 1:00,24.641,25.222,0,0
5/5/15 1:30,24.641,25.222,0,0
5/5/15 2:00,24.641,25.125,0,0
5/5/15 2:30,24.931,25.125,0,0
5/5/15 3:00,25.028,25.125,0,0
5/5/15 3:30,24.641,25.125,0,0
5/5/15 4:00,24.641,25.125,0,0
5/5/15 4:30,24.641,25.125,0,0
5/5/15 5:00,24.835,25.125,0,0
5/5/15 5:30,24.738,25.125,0,0
5/5/15 6:00,24.641,25.125,0,53.8
5/5/15 6:30,24.545,25.125,75.3,592
5/5/15 7:00,24.448,25.125,226,1227.1
5/5/15 7:30,24.448,24.835,269.1,710.4
5/5/15 8:00,24.448,24.931,958,2066.7
5/5/15 8:30,24.545,25.125,1033.3,5511.1
5/5/15 9:00,24.641,25.319,1463.9,8266.7
5/5/15 9:30,24.641,25.125,1636.1,6544.5
5/5/15 10:00,24.641,25.513,1162.5,10677.8
5/5/15 10:30,24.641,25.513,1087.2,16533.4
5/5/15 11:00,24.738,25.416,3444.5,15844.5
5/5/15 11:30,24.835,25.805,3961.1,22044.6
5/5/15 12:00,24.931,26,3100,18600.1
5/5/15 12:30,25.125,26.195,3961.1,22044.6
5/5/15 13:00,25.125,26.195,3961.1,11022.3
5/5/15 13:30,25.416,26.195,5166.7,20666.8
5/5/15 14:00,25.61,26.195,4650,16533.4
5/5/15 14:30,25.708,26.195,4477.8,9644.5
5/5/15 15:00,25.708,26,4994.5,8611.2
5/5/15 15:30,25.805,26,3100,14466.8
5/5/15 16:00,25.805,25.805,3100,3444.5
5/5/15 16:30,25.805,25.61,2583.4,3100
5/5/15 17:00,25.805,25.61,1550,3616.7
5/5/15 17:30,25.708,25.708,1162.5,3100
5/5/15 18:00,25.708,25.61,366,1636.1
5/5/15 18:30,25.708,25.61,150.7,581.3
5/5/15 19:00,25.708,25.513,0,21.5
5/5/15 19:30,25.61,25.513,0,0
5/5/15 20:00,25.61,25.513,0,0
5/5/15 20:30,25.61,25.513,0,0
5/5/15 21:00,25.319,25.513,0,0
5/5/15 21:30,25.319,25.513,0,0
5/5/15 22:00,25.222,25.513,0,0
5/5/15 22:30,25.222,25.513,0,0
5/5/15 23:00,25.222,25.513,0,0
5/5/15 23:30,25.222,25.416,0,0
5/6/15 0:00,25.125,25.416,0,0
5/6/15 0:30,25.125,25.319,0,0
5/6/15 1:00,25.222,25.319,0,0
5/6/15 1:30,25.222,25.319,0,0
5/6/15 2:00,25.125,25.319,0,0
5/6/15 2:30,25.125,25.416,0,0
5/6/15 3:00,24.931,25.416,0,0
5/6/15 3:30,24.835,25.416,0,0
5/6/15 4:00,24.738,25.416,0,0
5/6/15 4:30,24.641,25.416,0,0
5/6/15 5:00,24.545,25.319,0,0
5/6/15 5:30,24.545,25.222,0,0
5/6/15 6:00,24.448,25.222,10.8,75.3
5/6/15 6:30,24.448,25.319,86.1,602.8
5/6/15 7:00,24.448,25.319,269.1,1087.2
5/6/15 7:30,24.448,25.319,419.8,2497.2
5/6/15 8:00,24.448,25.222,419.8,1463.9
5/6/15 8:30,24.448,25.125,592,1463.9
5/6/15 9:00,24.448,25.222,861.1,2927.8
5/6/15 9:30,24.448,25.125,1345.5,2411.1
5/6/15 10:00,24.641,25.319,2152.8,5166.7
5/6/15 10:30,24.545,25.61,2411.1,10677.8
5/6/15 11:00,24.738,25.708,1377.8,12400.1
5/6/15 11:30,24.738,25.708,2755.6,11022.3
5/6/15 12:00,24.835,25.416,2411.1,5166.7
5/6/15 12:30,24.931,25.61,2325,12400.1
5/6/15 13:00,25.028,25.708,2066.7,13089
5/6/15 13:30,25.125,25.61,3961.1,5166.7
5/6/15 14:00,25.416,25.708,1894.5,8266.7
5/6/15 14:30,25.416,25.708,1162.5,6200
5/6/15 15:00,25.61,26,2755.6,16533.4
5/6/15 15:30,25.61,25.805,1162.5,9644.5
5/6/15 16:00,25.61,25.902,1324,8611.2
5/6/15 16:30,25.708,25.805,2152.8,4822.3
5/6/15 17:00,25.708,25.708,645.8,5166.7
5/6/15 17:30,25.708,25.61,742.7,2238.9
5/6/15 18:00,25.708,25.61,441.3,1248.6
5/6/15 18:30,25.61,25.513,118.4,505.9
5/6/15 19:00,25.61,25.416,0,53.8
5/6/15 19:30,25.61,25.416,0,0
5/6/15 20:00,25.61,25.416,0,0
5/6/15 20:30,25.319,25.416,0,0
5/6/15 21:00,25.222,25.416,0,0
5/6/15 21:30,25.222,25.416,0,0
5/6/15 22:00,25.319,25.416,0,0
5/6/15 22:30,25.125,25.319,0,0
5/6/15 23:00,25.125,25.416,0,0
5/6/15 23:30,25.028,25.319,0,0
5/7/15 0:00,25.028,25.319,0,0
5/7/15 0:30,24.931,25.319,0,0
5/7/15 1:00,24.931,25.222,0,0
5/7/15 1:30,24.835,25.319,0,0
5/7/15 2:00,24.835,25.222,0,0
5/7/15 2:30,24.835,25.319,0,0
5/7/15 3:00,24.835,25.319,0,0
5/7/15 3:30,24.931,25.319,0,0
5/7/15 4:00,24.738,25.319,0,0
5/7/15 4:30,24.545,25.222,0,0
5/7/15 5:00,24.545,25.222,0,0
5/7/15 5:30,24.351,25.125,0,0
5/7/15 6:00,24.255,25.125,10.8,64.6
5/7/15 6:30,24.255,25.125,236.8,538.2
5/7/15 7:00,24.351,25.125,613.5,731.9
5/7/15 7:30,24.158,25.125,570.5,882.6
5/7/15 8:00,24.255,25.125,387.5,1065.6
5/7/15 8:30,24.351,25.319,742.7,7233.4
5/7/15 9:00,24.351,25.319,882.6,4994.5
5/7/15 9:30,24.448,25.125,807.3,7233.4
5/7/15 10:00,24.641,25.222,2238.9,3100
5/7/15 10:30,24.641,25.416,2927.8,7233.4
5/7/15 11:00,24.738,25.416,3272.2,9644.5
5/7/15 11:30,24.835,25.513,1636.1,10333.4
5/7/15 12:00,25.028,25.708,4133.4,11022.3
5/7/15 12:30,25.028,25.708,4133.4,9644.5
5/7/15 13:00,25.125,25.708,5166.7,9644.5
5/7/15 13:30,25.319,25.805,5166.7,8611.2
5/7/15 14:00,25.416,25.708,1463.9,3788.9
5/7/15 14:30,25.61,25.805,4650,7577.8
5/7/15 15:00,25.708,25.805,5166.7,11022.3
5/7/15 15:30,25.708,25.513,5166.7,3444.5
5/7/15 16:00,25.902,25.61,4822.3,2497.2
5/7/15 16:30,25.805,25.61,2497.2,4822.3
5/7/15 17:00,25.805,25.513,1194.8,2497.2
5/7/15 17:30,25.708,25.513,871.9,2152.8
5/7/15 18:00,25.708,25.416,258.3,914.9
5/7/15 18:30,25.708,25.416,96.9,322.9
5/7/15 19:00,25.61,25.319,0,21.5
5/7/15 19:30,25.61,25.416,0,0
5/7/15 20:00,25.61,25.319,0,0
5/7/15 20:30,25.61,25.319,0,0
5/7/15 21:00,25.61,25.319,0,0
5/7/15 21:30,25.61,25.319,0,0
5/7/15 22:00,25.61,25.319,0,0
5/7/15 22:30,25.708,25.222,0,0
5/7/15 23:00,25.61,25.222,0,0
5/7/15 23:30,25.513,25.222,0,0
5/8/15 0:00,25.222,25.222,0,0
5/8/15 0:30,25.222,25.222,0,0
5/8/15 1:00,25.222,25.222,0,0
5/8/15 1:30,25.125,25.222,0,0
5/8/15 2:00,25.125,25.125,0,0
5/8/15 2:30,25.125,25.125,0,0
5/8/15 3:00,25.028,25.125,0,0
5/8/15 3:30,25.028,25.125,0,0
5/8/15 4:00,24.931,25.028,0,0
5/8/15 4:30,24.931,25.028,0,0
5/8/15 5:00,24.835,25.028,0,0
5/8/15 5:30,24.835,25.028,0,0
5/8/15 6:00,24.835,25.028,10.8,21.5
5/8/15 6:30,24.931,25.028,139.9,376.7
5/8/15 7:00,24.931,25.028,204.5,1022.6
5/8/15 7:30,24.931,25.125,462.9,2152.8
5/8/15 8:00,24.931,25.222,495.1,2927.8
5/8/15 8:30,24.931,25.319,645.8,4822.3
5/8/15 9:00,25.028,25.319,1011.8,7233.4
5/8/15 9:30,25.028,25.416,1259.4,8266.7
5/8/15 10:00,24.931,25.416,1173.3,5166.7
5/8/15 10:30,25.028,25.319,1108.7,4305.6
5/8/15 11:00,25.028,25.319,1280.9,5511.1
5/8/15 11:30,24.931,25.222,1345.5,4650
5/8/15 12:00,25.028,25.319,1550,6200
5/8/15 12:30,25.028,25.416,2238.9,13089
5/8/15 13:00,25.125,25.61,2238.9,14466.8
5/8/15 13:30,25.222,25.805,1550,15844.5
5/8/15 14:00,25.319,25.902,3444.5,16533.4
5/8/15 14:30,25.416,26,4822.3,18600.1
5/8/15 15:00,25.416,25.902,1087.2,18600.1
5/8/15 15:30,25.416,25.805,3961.1,2669.5
5/8/15 16:00,25.513,25.61,914.9,4305.6
5/8/15 16:30,25.416,25.61,398.3,1980.6
5/8/15 17:00,25.416,25.61,398.3,2755.6
5/8/15 17:30,25.416,25.513,409,1377.8
5/8/15 18:00,25.416,25.513,139.9,602.8
5/8/15 18:30,25.319,25.416,43.1,322.9
5/8/15 19:00,25.319,25.319,0,21.5
5/8/15 19:30,25.319,25.319,0,0
5/8/15 20:00,25.222,25.319,0,0
5/8/15 20:30,25.222,25.319,0,0
5/8/15 21:00,25.222,25.319,0,0
5/8/15 21:30,25.222,25.222,0,0
5/8/15 22:00,25.125,25.222,0,0
5/8/15 22:30,25.125,25.125,0,0
5/8/15 23:00,25.028,25.028,0,0
5/8/15 23:30,24.931,24.931,0,0
5/9/15 0:00,24.931,24.835,0,0
5/9/15 0:30,24.835,24.835,0,0
5/9/15 1:00,24.835,24.835,0,0
5/9/15 1:30,24.835,24.931,0,0
5/9/15 2:00,24.738,24.931,0,0
5/9/15 2:30,24.738,24.931,0,0
5/9/15 3:00,24.738,24.931,0,0
5/9/15 3:30,24.641,25.028,0,0
5/9/15 4:00,24.641,25.125,0,0
5/9/15 4:30,24.545,25.125,0,0
5/9/15 5:00,24.545,25.028,0,0
5/9/15 5:30,24.448,25.125,0,0
5/9/15 6:00,24.448,25.125,0,53.8
5/9/15 6:30,24.448,25.125,53.8,430.6
5/9/15 7:00,24.448,25.028,139.9,721.2
5/9/15 7:30,24.448,25.028,215.3,2152.8
5/9/15 8:00,24.448,25.125,419.8,2927.8
5/9/15 8:30,24.448,25.222,290.6,4305.6
5/9/15 9:00,24.545,25.416,344.4,11711.2
5/9/15 9:30,24.545,25.222,925.7,3444.5
5/9/15 10:00,24.545,25.319,1011.8,5511.1
5/9/15 10:30,24.641,25.319,1119.5,8266.7
5/9/15 11:00,24.641,25.222,721.2,3444.5
5/9/15 11:30,24.738,25.319,1130.2,12400.1
5/9/15 12:00,24.835,25.319,1377.8,8266.7
5/9/15 12:30,24.835,25.708,2066.7,4994.5
5/9/15 13:00,24.835,25.61,1980.6,8266.7
5/9/15 13:30,24.931,25.513,2066.7,6200
5/9/15 14:00,24.931,25.61,678.1,11711.2
5/9/15 14:30,25.028,25.708,2755.6,5338.9
5/9/15 15:00,25.222,25.708,2583.4,9300.1
5/9/15 15:30,25.222,25.61,409,2325
5/9/15 16:00,25.319,25.513,2152.8,2497.2
5/9/15 16:30,25.319,25.61,1377.8,3272.2
5/9/15 17:00,25.319,25.61,1216.3,3100
5/9/15 17:30,25.222,25.513,75.3,1291.7
5/9/15 18:00,25.222,25.416,96.9,1001
5/9/15 18:30,25.222,25.416,32.3,355.2
5/9/15 19:00,25.222,25.416,0,32.3
5/9/15 19:30,25.222,25.319,0,0
5/9/15 20:00,25.222,25.319,0,0
5/9/15 20:30,25.125,25.319,0,0
5/9/15 21:00,25.125,25.319,0,0
5/9/15 21:30,25.125,25.222,0,0
5/9/15 22:00,25.028,25.222,0,0
5/9/15 22:30,25.028,25.222,0,0
5/9/15 23:00,25.028,25.125,0,0
5/9/15 23:30,24.931,25.028,0,0
5/10/15 0:00,24.931,24.931,0,0
5/10/15 0:30,24.835,24.931,0,0
5/10/15 1:00,24.835,24.835,0,0
5/10/15 1:30,24.738,24.835,0,0
5/10/15 2:00,24.641,24.835,0,0
5/10/15 2:30,24.641,24.835,0,0
5/10/15 3:00,24.545,24.835,0,0
5/10/15 3:30,24.545,24.835,0,0
5/10/15 4:00,24.545,25.125,0,0
5/10/15 4:30,24.448,25.125,0,0
5/10/15 5:00,24.448,25.125,0,0
5/10/15 5:30,24.448,25.125,0,0
5/10/15 6:00,24.448,25.125,10.8,64.6
5/10/15 6:30,24.351,25.222,96.9,344.4
5/10/15 7:00,24.351,25.222,312.2,1248.6
5/10/15 7:30,24.351,25.222,355.2,1216.3
5/10/15 8:00,24.351,25.222,527.4,2583.4
5/10/15 8:30,24.448,25.222,753.5,3100
5/10/15 9:00,24.448,25.513,1119.5,9300.1
5/10/15 9:30,24.448,25.61,678.1,9300.1
5/10/15 10:00,24.545,25.708,1550,13777.9
5/10/15 10:30,24.641,25.708,1980.6,9300.1
5/10/15 11:00,24.738,25.708,2411.1,16533.4
5/10/15 11:30,24.738,25.708,882.6,7577.8
5/10/15 12:00,24.931,25.61,3272.2,5166.7
5/10/15 12:30,25.028,25.708,3616.7,8611.2
5/10/15 13:00,25.222,25.61,4650,2755.6
5/10/15 13:30,25.319,25.805,5166.7,10677.8
5/10/15 14:00,25.416,25.805,1894.5,3272.2
5/10/15 14:30,25.416,25.805,5166.7,8611.2
5/10/15 15:00,25.319,25.708,1141,7233.4
5/10/15 15:30,25.416,25.708,6544.5,6544.5
5/10/15 16:00,25.513,25.61,5511.1,5166.7
5/10/15 16:30,25.416,25.708,1324,1894.5
5/10/15 17:00,25.319,25.708,376.7,1377.8
5/10/15 17:30,25.319,25.708,409,1377.8
5/10/15 18:00,25.222,25.708,279.9,1065.6
5/10/15 18:30,25.125,25.61,86.1,505.9
5/10/15 19:00,25.125,25.513,0,32.3
5/10/15 19:30,25.028,25.513,0,0
5/10/15 20:00,25.028,25.513,0,0
5/10/15 20:30,25.125,25.513,0,0
5/10/15 21:00,25.028,25.416,0,0
5/10/15 21:30,25.125,25.416,0,0
5/10/15 22:00,25.222,25.416,0,0
5/10/15 22:30,25.125,25.416,0,0
5/10/15 23:00,25.125,25.416,0,0
5/10/15 23:30,25.125,25.319,0,0
5/11/15 0:00,25.028,25.222,0,0
5/11/15 0:30,25.028,25.125,0,0
5/11/15 1:00,25.028,25.125,0,0
5/11/15 1:30,25.028,25.125,0,0
5/11/15 2:00,24.835,25.028,0,0
5/11/15 2:30,24.931,24.931,0,0
5/11/15 3:00,24.738,24.931,0,0
5/11/15 3:30,24.641,25.125,0,0
5/11/15 4:00,24.641,25.125,0,0
5/11/15 4:30,24.545,25.222,0,0
5/11/15 5:00,24.545,25.319,0,0
5/11/15 5:30,24.545,25.416,0,0
5/11/15 6:00,24.448,25.416,0,53.8
5/11/15 6:30,24.448,25.416,129.2,656.6
5/11/15 7:00,24.351,25.513,183,914.9
5/11/15 7:30,24.351,25.513,430.6,1808.3
5/11/15 8:00,24.351,25.513,301.4,1980.6
5/11/15 8:30,24.448,25.513,796.5,1636.1
5/11/15 9:00,24.351,25.708,839.6,6200
5/11/15 9:30,24.448,25.805,958,9644.5
5/11/15 10:00,24.545,25.902,1194.8,8611.2
5/11/15 10:30,24.545,25.902,1302.4,19289
5/11/15 11:00,24.641,26.097,1377.8,20666.8
5/11/15 11:30,24.835,26.097,1550,14466.8
5/11/15 12:00,25.028,26.292,1636.1,28933.5
5/11/15 12:30,25.125,26.195,1108.7,15155.7
5/11/15 13:00,25.319,25.902,2927.8,20666.8
5/11/15 13:30,25.416,25.708,1108.7,8611.2
5/11/15 14:00,25.319,25.805,1550,5511.1
5/11/15 14:30,25.513,25.805,3100,7233.4
5/11/15 15:00,25.513,25.708,2066.7,5166.7
5/11/15 15:30,25.513,25.708,764.2,4133.4
5/11/15 16:00,25.513,25.708,2238.9,4477.8
5/11/15 16:30,25.513,25.708,667.4,2755.6
5/11/15 17:00,25.416,25.61,1119.5,2066.7
5/11/15 17:30,25.319,25.61,473.6,2238.9
5/11/15 18:00,25.222,25.61,398.3,764.2
5/11/15 18:30,25.125,25.61,118.4,473.6
5/11/15 19:00,25.028,25.61,0,43.1
5/11/15 19:30,25.125,25.513,0,0
5/11/15 20:00,25.028,25.513,0,0
5/11/15 20:30,25.028,25.513,0,0
5/11/15 21:00,25.028,25.416,0,0
5/11/15 21:30,24.931,25.416,0,0
5/11/15 22:00,24.931,25.319,0,0
5/11/15 22:30,24.931,25.319,0,0
5/11/15 23:00,24.931,25.416,0,0
5/11/15 23:30,24.931,25.416,0,0
5/12/15 0:00,24.835,25.416,0,0
5/12/15 0:30,24.835,25.125,0,0
5/12/15 1:00,24.738,24.931,0,0
5/12/15 1:30,24.738,24.931,0,0
5/12/15 2:00,24.641,24.931,0,0
5/12/15 2:30,24.641,24.738,0,0
5/12/15 3:00,24.641,24.738,0,0
5/12/15 3:30,24.545,24.641,0,0
5/12/15 4:00,24.351,24.641,0,0
5/12/15 4:30,24.351,24.738,0,0
5/12/15 5:00,24.255,24.738,0,0
5/12/15 5:30,24.255,24.931,0,0
5/12/15 6:00,24.158,25.125,10.8,75.3
5/12/15 6:30,24.158,25.222,139.9,409
5/12/15 7:00,24.158,25.222,333.7,667.4
5/12/15 7:30,24.158,25.319,409,1377.8
5/12/15 8:00,24.158,25.416,796.5,2497.2
5/12/15 8:30,24.255,25.513,592,4650
5/12/15 9:00,24.255,25.61,570.5,3444.5
5/12/15 9:30,24.351,25.61,1119.5,2411.1
5/12/15 10:00,24.448,25.708,1463.9,2669.5
5/12/15 10:30,24.448,25.902,516.7,14466.8
5/12/15 11:00,24.545,26.097,807.3,24800.2
5/12/15 11:30,24.641,26,2238.9,22044.6
5/12/15 12:00,24.641,25.902,1119.5,34444.7
5/12/15 12:30,24.931,26.292,3100,18600.1
5/12/15 13:00,25.028,26,3100,3961.1
5/12/15 13:30,25.222,25.416,2238.9,2583.4
5/12/15 14:00,25.222,25.416,1722.2,2669.5
5/12/15 14:30,25.222,25.319,1550,1636.1
5/12/15 15:00,25.416,25.319,4477.8,1550
5/12/15 15:30,25.319,25.416,2411.1,4822.3
5/12/15 16:00,25.319,25.513,3788.9,2411.1
5/12/15 16:30,25.319,25.61,4133.4,2927.8
5/12/15 17:00,25.222,25.61,645.8,807.3
5/12/15 17:30,25.222,25.61,226,495.1
5/12/15 18:00,25.125,25.513,161.5,624.3
5/12/15 18:30,25.028,25.513,86.1,150.7
5/12/15 19:00,25.222,25.513,0,32.3
5/12/15 19:30,25.319,25.513,0,0
5/12/15 20:00,25.222,25.513,0,0
5/12/15 20:30,24.835,25.513,0,0
5/12/15 21:00,24.835,25.416,0,0
5/12/15 21:30,24.835,25.416,0,0
5/12/15 22:00,24.835,25.416,0,0
5/12/15 22:30,24.738,25.319,0,0
5/12/15 23:00,24.835,25.319,0,0
5/12/15 23:30,24.835,25.319,0,0
5/13/15 0:00,24.931,25.319,0,0
5/13/15 0:30,24.835,25.319,0,0
5/13/15 1:00,24.835,25.319,0,0
5/13/15 1:30,24.835,25.319,0,0
5/13/15 2:00,24.738,25.222,0,0
5/13/15 2:30,24.738,24.738,0,0
5/13/15 3:00,24.641,24.738,0,0
5/13/15 3:30,24.545,24.738,0,0
5/13/15 4:00,24.448,24.738,0,0
5/13/15 4:30,24.448,24.835,0,0
5/13/15 5:00,24.351,24.545,0,0
5/13/15 5:30,24.255,24.545,0,0
5/13/15 6:00,24.255,24.641,10.8,43.1
5/13/15 6:30,24.158,24.835,75.3,344.4
5/13/15 7:00,24.158,25.028,193.8,775
5/13/15 7:30,24.158,25.028,204.5,1001
5/13/15 8:00,24.158,25.125,301.4,1248.6
5/13/15 8:30,24.255,25.416,312.2,4994.5
5/13/15 9:00,24.158,25.416,376.7,1636.1
5/13/15 9:30,24.255,25.61,549,1894.5
5/13/15 10:00,24.351,25.805,602.8,15844.5
5/13/15 10:30,24.448,26,1011.8,5511.1
5/13/15 11:00,24.545,25.902,495.1,4994.5
5/13/15 11:30,24.448,26,1184,5166.7
5/13/15 12:00,24.545,26.195,1636.1,17222.3
5/13/15 12:30,24.641,26.097,1313.2,18600.1
5/13/15 13:00,24.738,26.195,1980.6,15844.5
5/13/15 13:30,24.931,26,1463.9,11711.2
5/13/15 14:00,24.931,26.097,2755.6,9644.5
5/13/15 14:30,25.125,26,2927.8,14466.8
5/13/15 15:00,25.319,25.708,3100,2325
5/13/15 15:30,25.222,25.708,2066.7,7233.4
5/13/15 16:00,25.222,25.513,785.8,1033.3
5/13/15 16:30,25.222,25.416,581.3,871.9
5/13/15 17:00,25.222,25.416,1463.9,1894.5
5/13/15 17:30,25.125,25.416,839.6,1808.3
5/13/15 18:00,25.222,25.416,215.3,1054.9
5/13/15 18:30,25.222,25.416,53.8,409
5/13/15 19:00,25.125,25.416,0,43.1
5/13/15 19:30,25.028,25.416,0,0
5/13/15 20:00,24.931,25.513,0,0
5/13/15 20:30,24.738,25.513,0,0
5/13/15 21:00,24.738,25.513,0,0
5/13/15 21:30,24.641,25.416,0,0
5/13/15 22:00,24.641,25.416,0,0
5/13/15 22:30,24.641,25.416,0,0
5/13/15 23:00,24.641,25.416,0,0
5/13/15 23:30,24.641,25.416,0,0
5/14/15 0:00,24.738,25.319,0,0
5/14/15 0:30,24.641,25.319,0,0
5/14/15 1:00,24.835,25.319,0,0
5/14/15 1:30,24.835,25.319,0,0
5/14/15 2:00,24.738,25.319,0,0
5/14/15 2:30,24.738,25.319,0,0
5/14/15 3:00,24.641,25.319,0,0
5/14/15 3:30,24.545,25.222,0,0
5/14/15 4:00,24.545,25.222,0,0
5/14/15 4:30,24.545,25.125,0,0
5/14/15 5:00,24.448,24.931,0,0
5/14/15 5:30,24.351,24.931,0,0
5/14/15 6:00,24.351,25.028,32.3,43.1
5/14/15 6:30,24.351,25.125,204.5,269.1
5/14/15 7:00,24.255,25.222,193.8,613.5
5/14/15 7:30,24.255,25.319,538.2,958
5/14/15 8:00,24.255,25.416,828.8,2583.4
5/14/15 8:30,24.255,25.513,1097.9,3788.9
5/14/15 9:00,24.255,25.61,2325,5166.7
5/14/15 9:30,24.351,25.708,1377.8,4305.6
5/14/15 10:00,24.351,25.805,775,4650
5/14/15 10:30,24.351,25.61,1345.5,3961.1
5/14/15 11:00,24.448,25.805,1087.2,6544.5
5/14/15 11:30,24.641,26.097,2755.6,5511.1
5/14/15 12:00,24.835,26,4477.8,13089
5/14/15 12:30,24.931,26.097,5166.7,16533.4
5/14/15 13:00,24.835,25.708,2669.5,4305.6
5/14/15 13:30,24.931,25.902,1808.3,7233.4
5/14/15 14:00,25.125,26,7577.8,11711.2
5/14/15 14:30,25.125,25.708,1722.2,2927.8
5/14/15 15:00,25.222,25.805,8611.2,4133.4
5/14/15 15:30,25.028,25.805,1463.9,2325
5/14/15 16:00,25.028,25.708,7577.8,1980.6
5/14/15 16:30,25.125,25.805,4994.5,3616.7
5/14/15 17:00,25.028,25.805,2497.2,1980.6
5/14/15 17:30,25.125,25.805,1808.3,581.3
5/14/15 18:00,25.125,25.805,236.8,613.5
5/14/15 18:30,25.125,25.708,269.1,290.6
5/14/15 19:00,25.125,25.708,10.8,10.8
5/14/15 19:30,25.028,25.61,0,0
5/14/15 20:00,25.125,25.61,0,0
5/14/15 20:30,25.125,25.61,0,0
5/14/15 21:00,25.028,25.61,0,0
5/14/15 21:30,24.738,25.513,0,0
5/14/15 22:00,24.641,25.513,0,0
5/14/15 22:30,24.545,25.513,0,0
5/14/15 23:00,24.545,25.416,0,0
5/14/15 23:30,24.545,25.416,0,0
5/15/15 0:00,24.545,25.416,0,0
5/15/15 0:30,24.738,25.416,0,0
5/15/15 1:00,24.738,25.416,0,0
5/15/15 1:30,24.931,25.416,0,0
5/15/15 2:00,25.028,25.416,0,0
5/15/15 2:30,25.028,25.319,0,0
5/15/15 3:00,24.931,25.319,0,0
5/15/15 3:30,24.835,25.319,0,0
5/15/15 4:00,24.738,25.319,0,0
5/15/15 4:30,24.641,25.319,0,0
5/15/15 5:00,24.641,25.125,0,0
5/15/15 5:30,24.545,24.931,0,0
5/15/15 6:00,24.545,24.931,32.3,21.5
5/15/15 6:30,24.448,24.931,139.9,226
5/15/15 7:00,24.351,25.028,355.2,721.2
5/15/15 7:30,24.351,25.125,452.1,839.6
5/15/15 8:00,24.158,25.125,570.5,1087.2
5/15/15 8:30,24.158,25.222,516.7,3444.5
5/15/15 9:00,24.255,25.513,958,5166.7
5/15/15 9:30,24.448,25.708,1463.9,9644.5
5/15/15 10:00,24.545,25.805,1808.3,12400.1